0,"The latest Philippe Herlin, le Journal! https://t.co/qqLT6jerEG Thanks to @cboulangfr @Grady_Booch @abcbourse #ibmdeveloper #ai"
1,Complete Step By Step Java For Testers https://t.co/1aWaNbQNjH #BigData #Analytics #MachineLearning #DataScience‚Ä¶ https://t.co/81FuxtnSUG
2,20 #Internet companies that rule the Word Wide &gt;&gt;&gt; #www30 &gt;&gt;&gt; @VisualCap via @MikeQuindazzi &gt;&gt;&gt;‚Ä¶ https://t.co/Iafbp23nfz
3,"Click on the link to apply =&gt; Big Data and Cloud Analyst, Mid https://t.co/cSXx1IQsZs #bigdata #iot #analytics #ai https://t.co/BxRPnZR9Gy"
4,"IAM Platform Curated Retweet:

Via: https://t.co/3TXEDSAuJI

[From the archives:]
The Evolution and Future of‚Ä¶ https://t.co/RNxN1xER1N"
5,"IAM Platform Curated Retweet:

Via: https://t.co/Y6olGiif6H

Understanding bias in Artificial Intelligence. #AI is‚Ä¶ https://t.co/v6Y8gmAXnV"
6,Humans can work safely alongside Blue - he is the robot who learns how to work using #AI. https://t.co/qu0jhivJm8
7,"Data Driven Government Workshops Announced! https://t.co/IPD6JPNqjE #artificialintelligence, #bigdata, #datascience‚Ä¶ https://t.co/uRLfCXD24m"
8,"#AI is a 'competitive necessity' in #retail, 72% of executives say https://t.co/6SHpNpHwiE https://t.co/FWayPPklMH"
9,"This tweet, ""RT comistaken: https://t.co/uaM5yR4LGm

is open for offers

#DomainsForSale #domainNames #AI #Fintech‚Ä¶ https://t.co/7eQyR7jsLV"
10,"Accounts Payable Accountant - Accounting Principals ( New York, NY, USA )  - [ ‚û° https://t.co/b2EW3kr0C0 ]‚Ä¶ https://t.co/5SEzsdQku2"
11,"Artificial Intelligence &amp; Blockchain Synergy
Dr Maxim Orlovsky @dr_orlovsky BICA Labs @BICALabs‚Ä¶ https://t.co/VvRQxBNyob"
12,"This tweet, ""RT gp_pulipaka: Automation In The Serverless World. #BigData #Analytics #DataScience #AI‚Ä¶ https://t.co/6RIdIO8GHK"
13,Webhelp and #YouGov Study unveils the ten reasons for #consumer cynicism around #AI-powered customer service:‚Ä¶ https://t.co/lSKYh3NQ0R
14,"Build and train a data model to recognize objects in images!

‚òû https://t.co/yVggvBGFkg

#ai #DeepLearning https://t.co/eHWxB7oIr0"
15,The Matrix: The Digital Tactics of AI Marketing - via @smedian_network #Marketing #DigitalMarketing #AI https://t.co/5IDhuJLmvi
16,"Train Image Recognition AI with 5 lines of code
https://t.co/8qm9r3Ochr  [by @OlafenwaMoses v/ @TDataScience]
#AI‚Ä¶ https://t.co/LvH601SPH2"
17,Would you trust a robot to take your wedding photos? https://t.co/yu6X3PeH9i #ai #tech #robotech
18,Are you joining - and Lady Gaga will be the closing show event? SAPPHIRE NOW in 2019: Bringing the‚Ä¶ https://t.co/FgccP8oo1m
19,We're super excited to be part of the @DataGiriMeetup for #DeepLearning and #NLP that's happening today at‚Ä¶ https://t.co/H4UQGM60Mx
20,Summer Emergency Medicine Opportunity in Northern California - [ ‚û° https://t.co/DExVmTgta3 ] #Robotics #AI‚Ä¶ https://t.co/InTmEZOBTB
21,#EU unveils ethics guidelines for #ArtificialIntelligence https://t.co/U8spTBR6kZ via @physorg_com #DataScience‚Ä¶ https://t.co/ZDx9xtv3fx
22,"For his Keynote presentation, Sandip Patel QC will tell of his first hand experiences as a #CyberCrime Prosecutor.‚Ä¶ https://t.co/kCz06Lzx3Z"
23,"Top 5 #crypto gainers 
 Alert Time: 2019-04-20 12:00:51
#WomenCoin: $0.00004
#TRONCLASSIC: $0.00001
#LunaCoin: $0.0‚Ä¶ https://t.co/qFGet0EKzu"
24,"BI Engineer - Eros Technologies Inc. ( Sunnyvale, United States )  - [ ‚û° https://t.co/Pedm4QY2p2 ] #Robotics #AI‚Ä¶ https://t.co/wW9ThGqshB"
25,"Top 5 #crypto gainers 
 Alert Time: 2019-04-20 12:01:08
#dietbitcoin: $0.00046
#HashBX: $0.04656
#DACHCoin: $0.0004‚Ä¶ https://t.co/mWK4krm7Qf"
26,The latest The Sustainable Process Industry Daily! https://t.co/vAfcKuiltz Thanks to @TXMLean @ECON_Automation #iot #ai
27,"Project Engineer - bizjobz LLC ( Las Vegas, USA )  - [ üìã More Info  https://t.co/YoyZDBpFf7 ] #Robotics #AI‚Ä¶ https://t.co/ycSiBTlOb4"
28,"#DataScience Summarized in One Picture
 by @granvilledsc @DataScienceCtrl |

Read more at https://t.co/YzsGk3BAl0‚Ä¶ https://t.co/qMTeA2N6eN"
29,"VIDEO: Why the next big leap in #AI will have nothing to do with deep learning.
#DeepLearning #QuantumMechanics‚Ä¶ https://t.co/4QnU4nU7W8"
30,"Volatility Trading Analysis with Python

‚òû https://t.co/HwzjUjDN4z

#ai #DeepLearning https://t.co/MMrQjrHItU"
31,"JR0102976 - Firmware Engineer - Intel Security ( Santa Clara, United States )  - [ ‚û° https://t.co/LvRJnmTQxa ]‚Ä¶ https://t.co/rR32osacAl"
32,The latest The Janice B Gordon : Scale Your Sales Daily! https://t.co/tKQliS0gjz Thanks to @Xbond49 #paid #ai
33,The latest The Gunnar Andreassen Daily! https://t.co/hUMbLCYUdD Thanks to @Fjordman1 @wginfonetorg @Tracinski #ai #machinelearning
34,"#RT @HaroldSinnott: This is a helicopter trainer that can only ascend to 3 feet
by @cheddar via @Ronald_vanLoon‚Ä¶ https://t.co/CYTUBDb63M"
35,The latest The SAVE OUR HEALTHCARE Daily! https://t.co/qqw1QdvPdm Thanks to @Eastbournenews @Paladin4Justice @riclarion #healthcare #ai
36,A machine-generated book and an algorithmic author HT @MikeQuindazzi @fisher85m #AI #SelfDrivingCars #IoT‚Ä¶ https://t.co/JKIJUt4upU
37,"Autodesk: A.I Chair, imagined by a human and co-designed with artificial intelligence - https://t.co/33pymavjSE‚Ä¶ https://t.co/usSdSup5ii"
38,Build a successful business and change the world https://t.co/T3nETMQLX6 #Learning #ai #DeepLearning https://t.co/XbanvBoavV
39,‚ÄúThe End of Literacy‚Äù by ‚Å¶@tomcounsell‚Å© #future #nlp #AI #community #languages  https://t.co/cEp8lnhp88
40,"Train Image Recognition AI with 5 lines of code
https://t.co/62NqnoL0IM  [by OlafenwaMoses v/ TDataScience]
#AI‚Ä¶ https://t.co/YghJsJUqAH"
41,The latest #BigData &amp; #Analytics Review! https://t.co/wQdB8PqP5g Thanks to @_juanjocacho #bigdata #ai
42,"'Google has opened its first Africa Artificial Intelligence lab in Ghana'

https://t.co/4iTH0sVrHa via @CNN #AI‚Ä¶ https://t.co/7VTy7kk31o"
43,"Java/J2EE #Developer - K Tek Resourcing LLC ( Jersey City, United States )  - [ ‚û° https://t.co/TOWI0gufQW ] #AI‚Ä¶ https://t.co/Qbp7cu0lSR"
44,Europe is not the only one that will be affected by #AI #Algorithms. This will change the entire economic and polit‚Ä¶ https://t.co/MRp5MRvekL
